<?xml version="1.0" encoding="UTF-8"?>
<!--Copyright (C) 2016 GNOME Builder Team at irc.gimp.net/#gnome-builder
This program is free software: you can redistribute it and/or modify
it under the terms of the GNU General Public License as published by
the Free Software Foundation, either version 3 of the License, or
(at your option) any later version.

This program is distributed in the hope that it will be useful,
but WITHOUT ANY WARRANTY; without even the implied warranty of
MERCHANTABILITY or FITNESS FOR A PARTICULAR PURPOSE.  See the
GNU General Public License for more details.

You should have received a copy of the GNU General Public License
along with this program.  If not, see <http://www.gnu.org/licenses/>
-->
<palette id="gb-cp-1487201289187121" name="KV Sun">
  <color name="default" value="#FCFCFC"/>
  <color name="alt" value="#292929"/>
  <color name="primary" value="#EA5708"/>
  <color name="highlight" value="#EA5708"/>
  <color name="visited" value="#551A8B"/>
  <color name="link" value="#2B75BA"/>
  <color name="border" value="#2D2D2D"/>
  <color name="shadow" value="#141414"/>
  <color name="home-theme" value="#30ABAD"/>
  <color name="sports-theme" value="#232424"/>
  <color name="news-theme" value="#476262"/>
  <color name="kv-life" value="#175A14"/>
  <color name="obits-theme" value="#000000"/>
</palette>
